"Number","RegionKo","RegionEn","SportKo","SportEn","Color","File"
"01","춘천","CHUNCHEON","산악","MOUNTAIN","#2F6B4F","01-chuncheon-mountain.svg"
"02","춘천","CHUNCHEON","수상","WATER","#2E78B7","02-chuncheon-water.svg"
"03","춘천","CHUNCHEON","설상","SNOW","#5C9FCB","03-chuncheon-snow.svg"
"04","춘천","CHUNCHEON","올림픽","OLYMPIC","#7A58A6","04-chuncheon-olympic.svg"
"05","춘천","CHUNCHEON","육상","ATHLETICS","#B94E32","05-chuncheon-athletics.svg"
"06","원주","WONJU","산악","MOUNTAIN","#2F6B4F","06-wonju-mountain.svg"
"07","원주","WONJU","수상","WATER","#2E78B7","07-wonju-water.svg"
"08","원주","WONJU","설상","SNOW","#5C9FCB","08-wonju-snow.svg"
"09","원주","WONJU","올림픽","OLYMPIC","#7A58A6","09-wonju-olympic.svg"
"10","원주","WONJU","육상","ATHLETICS","#B94E32","10-wonju-athletics.svg"
"11","강릉","GANGNEUNG","산악","MOUNTAIN","#2F6B4F","11-gangneung-mountain.svg"
"12","강릉","GANGNEUNG","수상","WATER","#2E78B7","12-gangneung-water.svg"
"13","강릉","GANGNEUNG","설상","SNOW","#5C9FCB","13-gangneung-snow.svg"
"14","강릉","GANGNEUNG","올림픽","OLYMPIC","#7A58A6","14-gangneung-olympic.svg"
"15","강릉","GANGNEUNG","육상","ATHLETICS","#B94E32","15-gangneung-athletics.svg"
"16","동해","DONGHAE","산악","MOUNTAIN","#2F6B4F","16-donghae-mountain.svg"
"17","동해","DONGHAE","수상","WATER","#2E78B7","17-donghae-water.svg"
"18","동해","DONGHAE","설상","SNOW","#5C9FCB","18-donghae-snow.svg"
"19","동해","DONGHAE","올림픽","OLYMPIC","#7A58A6","19-donghae-olympic.svg"
"20","동해","DONGHAE","육상","ATHLETICS","#B94E32","20-donghae-athletics.svg"
"21","태백","TAEBAEK","산악","MOUNTAIN","#2F6B4F","21-taebaek-mountain.svg"
"22","태백","TAEBAEK","수상","WATER","#2E78B7","22-taebaek-water.svg"
"23","태백","TAEBAEK","설상","SNOW","#5C9FCB","23-taebaek-snow.svg"
"24","태백","TAEBAEK","올림픽","OLYMPIC","#7A58A6","24-taebaek-olympic.svg"
"25","태백","TAEBAEK","육상","ATHLETICS","#B94E32","25-taebaek-athletics.svg"
"26","속초","SOKCHO","산악","MOUNTAIN","#2F6B4F","26-sokcho-mountain.svg"
"27","속초","SOKCHO","수상","WATER","#2E78B7","27-sokcho-water.svg"
"28","속초","SOKCHO","설상","SNOW","#5C9FCB","28-sokcho-snow.svg"
"29","속초","SOKCHO","올림픽","OLYMPIC","#7A58A6","29-sokcho-olympic.svg"
"30","속초","SOKCHO","육상","ATHLETICS","#B94E32","30-sokcho-athletics.svg"
"31","삼척","SAMCHEOK","산악","MOUNTAIN","#2F6B4F","31-samcheok-mountain.svg"
"32","삼척","SAMCHEOK","수상","WATER","#2E78B7","32-samcheok-water.svg"
"33","삼척","SAMCHEOK","설상","SNOW","#5C9FCB","33-samcheok-snow.svg"
"34","삼척","SAMCHEOK","올림픽","OLYMPIC","#7A58A6","34-samcheok-olympic.svg"
"35","삼척","SAMCHEOK","육상","ATHLETICS","#B94E32","35-samcheok-athletics.svg"
"36","홍천","HONGCHEON","산악","MOUNTAIN","#2F6B4F","36-hongcheon-mountain.svg"
"37","홍천","HONGCHEON","수상","WATER","#2E78B7","37-hongcheon-water.svg"
"38","홍천","HONGCHEON","설상","SNOW","#5C9FCB","38-hongcheon-snow.svg"
"39","홍천","HONGCHEON","올림픽","OLYMPIC","#7A58A6","39-hongcheon-olympic.svg"
"40","홍천","HONGCHEON","육상","ATHLETICS","#B94E32","40-hongcheon-athletics.svg"
"41","횡성","HOENGSEONG","산악","MOUNTAIN","#2F6B4F","41-hoengseong-mountain.svg"
"42","횡성","HOENGSEONG","수상","WATER","#2E78B7","42-hoengseong-water.svg"
"43","횡성","HOENGSEONG","설상","SNOW","#5C9FCB","43-hoengseong-snow.svg"
"44","횡성","HOENGSEONG","올림픽","OLYMPIC","#7A58A6","44-hoengseong-olympic.svg"
"45","횡성","HOENGSEONG","육상","ATHLETICS","#B94E32","45-hoengseong-athletics.svg"
"46","영월","YEONGWOL","산악","MOUNTAIN","#2F6B4F","46-yeongwol-mountain.svg"
"47","영월","YEONGWOL","수상","WATER","#2E78B7","47-yeongwol-water.svg"
"48","영월","YEONGWOL","설상","SNOW","#5C9FCB","48-yeongwol-snow.svg"
"49","영월","YEONGWOL","올림픽","OLYMPIC","#7A58A6","49-yeongwol-olympic.svg"
"50","영월","YEONGWOL","육상","ATHLETICS","#B94E32","50-yeongwol-athletics.svg"
"51","평창","PYEONGCHANG","산악","MOUNTAIN","#2F6B4F","51-pyeongchang-mountain.svg"
"52","평창","PYEONGCHANG","수상","WATER","#2E78B7","52-pyeongchang-water.svg"
"53","평창","PYEONGCHANG","설상","SNOW","#5C9FCB","53-pyeongchang-snow.svg"
"54","평창","PYEONGCHANG","올림픽","OLYMPIC","#7A58A6","54-pyeongchang-olympic.svg"
"55","평창","PYEONGCHANG","육상","ATHLETICS","#B94E32","55-pyeongchang-athletics.svg"
"56","정선","JEONGSEON","산악","MOUNTAIN","#2F6B4F","56-jeongseon-mountain.svg"
"57","정선","JEONGSEON","수상","WATER","#2E78B7","57-jeongseon-water.svg"
"58","정선","JEONGSEON","설상","SNOW","#5C9FCB","58-jeongseon-snow.svg"
"59","정선","JEONGSEON","올림픽","OLYMPIC","#7A58A6","59-jeongseon-olympic.svg"
"60","정선","JEONGSEON","육상","ATHLETICS","#B94E32","60-jeongseon-athletics.svg"
"61","철원","CHEORWON","산악","MOUNTAIN","#2F6B4F","61-cheorwon-mountain.svg"
"62","철원","CHEORWON","수상","WATER","#2E78B7","62-cheorwon-water.svg"
"63","철원","CHEORWON","설상","SNOW","#5C9FCB","63-cheorwon-snow.svg"
"64","철원","CHEORWON","올림픽","OLYMPIC","#7A58A6","64-cheorwon-olympic.svg"
"65","철원","CHEORWON","육상","ATHLETICS","#B94E32","65-cheorwon-athletics.svg"
"66","화천","HWACHEON","산악","MOUNTAIN","#2F6B4F","66-hwacheon-mountain.svg"
"67","화천","HWACHEON","수상","WATER","#2E78B7","67-hwacheon-water.svg"
"68","화천","HWACHEON","설상","SNOW","#5C9FCB","68-hwacheon-snow.svg"
"69","화천","HWACHEON","올림픽","OLYMPIC","#7A58A6","69-hwacheon-olympic.svg"
"70","화천","HWACHEON","육상","ATHLETICS","#B94E32","70-hwacheon-athletics.svg"
"71","양구","YANGGU","산악","MOUNTAIN","#2F6B4F","71-yanggu-mountain.svg"
"72","양구","YANGGU","수상","WATER","#2E78B7","72-yanggu-water.svg"
"73","양구","YANGGU","설상","SNOW","#5C9FCB","73-yanggu-snow.svg"
"74","양구","YANGGU","올림픽","OLYMPIC","#7A58A6","74-yanggu-olympic.svg"
"75","양구","YANGGU","육상","ATHLETICS","#B94E32","75-yanggu-athletics.svg"
"76","인제","INJE","산악","MOUNTAIN","#2F6B4F","76-inje-mountain.svg"
"77","인제","INJE","수상","WATER","#2E78B7","77-inje-water.svg"
"78","인제","INJE","설상","SNOW","#5C9FCB","78-inje-snow.svg"
"79","인제","INJE","올림픽","OLYMPIC","#7A58A6","79-inje-olympic.svg"
"80","인제","INJE","육상","ATHLETICS","#B94E32","80-inje-athletics.svg"
"81","고성","GOSEONG","산악","MOUNTAIN","#2F6B4F","81-goseong-mountain.svg"
"82","고성","GOSEONG","수상","WATER","#2E78B7","82-goseong-water.svg"
"83","고성","GOSEONG","설상","SNOW","#5C9FCB","83-goseong-snow.svg"
"84","고성","GOSEONG","올림픽","OLYMPIC","#7A58A6","84-goseong-olympic.svg"
"85","고성","GOSEONG","육상","ATHLETICS","#B94E32","85-goseong-athletics.svg"
"86","양양","YANGYANG","산악","MOUNTAIN","#2F6B4F","86-yangyang-mountain.svg"
"87","양양","YANGYANG","수상","WATER","#2E78B7","87-yangyang-water.svg"
"88","양양","YANGYANG","설상","SNOW","#5C9FCB","88-yangyang-snow.svg"
"89","양양","YANGYANG","올림픽","OLYMPIC","#7A58A6","89-yangyang-olympic.svg"
"90","양양","YANGYANG","육상","ATHLETICS","#B94E32","90-yangyang-athletics.svg"
